{"cameraMode":{"drawMode":0,"name":"Shaded","section":"Shading Mode"},"sceneLighting":true,"audioPlay":false,"sceneViewState":{"showFog":true,"showMaterialUpdate":false,"showSkybox":true,"showFlares":true,"showImageEffects":true,"showParticleSystems":true},"in2DMode":false,"pivot":{"x":1.458573579788208,"y":0.9593226909637451,"z":2.010223388671875},"rotation":{"x":-0.001985446782782674,"y":-0.9963517785072327,"z":-0.025924328714609147,"w":0.08132978528738022},"size":3.6173477172851564,"orthographic":true}