{"cameraMode":{"drawMode":0,"name":"Shaded","section":"Shading Mode"},"sceneLighting":false,"audioPlay":false,"sceneViewState":{"showFog":true,"showMaterialUpdate":false,"showSkybox":false,"showFlares":true,"showImageEffects":true,"showParticleSystems":true},"in2DMode":false,"pivot":{"x":-25.029565811157228,"y":46.47215270996094,"z":-34.1492919921875},"rotation":{"x":-0.22014017403125764,"y":-0.3526606857776642,"z":0.08574069291353226,"w":-0.9054511785507202},"size":3.612476110458374,"orthographic":true}