{"cameraMode":{"drawMode":0,"name":"Shaded","section":"Shading Mode"},"sceneLighting":false,"audioPlay":false,"sceneViewState":{"showFog":true,"showMaterialUpdate":false,"showSkybox":false,"showFlares":true,"showImageEffects":true,"showParticleSystems":true},"in2DMode":false,"pivot":{"x":-29.21500015258789,"y":45.745704650878909,"z":-35.347251892089847},"rotation":{"x":0.21982157230377198,"y":0.6744197010993958,"z":-0.22154773771762849,"w":0.6691546440124512},"size":4.516390323638916,"orthographic":true}