{"cameraMode":{"drawMode":0,"name":"Shaded","section":"Shading Mode"},"sceneLighting":true,"audioPlay":false,"sceneViewState":{"showFog":true,"showMaterialUpdate":false,"showSkybox":true,"showFlares":true,"showImageEffects":true,"showParticleSystems":true},"in2DMode":false,"pivot":{"x":-25.014055252075197,"y":0.9984229803085327,"z":0.012706398963928223},"rotation":{"x":0.1829535812139511,"y":0.5650853514671326,"z":-0.13022646307945252,"w":0.7938812971115112},"size":88.66786193847656,"orthographic":true}