{"cameraMode":{"drawMode":0,"name":"Shaded","section":"Shading Mode"},"sceneLighting":true,"audioPlay":false,"sceneViewState":{"showFog":true,"showMaterialUpdate":false,"showSkybox":true,"showFlares":true,"showImageEffects":true,"showParticleSystems":true},"in2DMode":false,"pivot":{"x":1.4219111204147339,"y":0.8914300203323364,"z":1.7076270580291749},"rotation":{"x":-0.35874202847480776,"y":-0.19745805859565736,"z":0.07793151587247849,"w":-0.9089820384979248},"size":10.899380683898926,"orthographic":true}