{"cameraMode":{"drawMode":0,"name":"Shaded","section":"Shading Mode"},"sceneLighting":true,"audioPlay":false,"sceneViewState":{"showFog":true,"showMaterialUpdate":false,"showSkybox":true,"showFlares":true,"showImageEffects":true,"showParticleSystems":true},"in2DMode":false,"pivot":{"x":-0.029825687408447267,"y":2.8962221145629885,"z":1.1253175735473633},"rotation":{"x":0.11114268004894257,"y":0.8869540691375732,"z":-0.28460344672203066,"w":0.3463612496852875},"size":46.439117431640628,"orthographic":true}